[
  {
    "id": 1,
    "regiao": "1ª Região - Mata Atlântica",
    "municipios": [
      "Alhandra",
      "Bayeux",
      "Caaporã",
      "Cabedelo",
      "Conde",
      "Cruz do Espírito Santo",
      "João Pessoa",
      "Lucena",
      "Mari",
      "Pitimbu",
      "Riachão do Poço",
      "Santa Rita",
      "Sapé",
      "Sobrado"
    ]
  },
  {
    "id": 2,
    "regiao": "2ª Região - Piemonte da Borborema",
    "municipios": [
      "Alagoinha",
      "Araçagi",
      "Araruna",
      "Bananeiras",
      "Belém",
      "Borborema",
      "Campo de Santana",
      "Cacimba de Dentro",
      "Caiçara",
      "Casserengue",
      "Cuitegi",
      "Dona Inês",
      "Duas Estradas",
      "Guarabira",
      "Lagoa de Dentro",
      "Logradouro",
      "Mulungu",
      "Pilões",
      "Pilõezinhos",
      "Pirpirituba",
      "Riachão",
      "Serra da Raiz",
      "Serraria",
      "Sertãozinho",
      "Solânea",
      "Tacima"
    ]
  },
  {
    "id": 3,
    "regiao": "3ª Região - Borborema",
    "municipios": [
      "Assunção",
      "Boa Vista",
      "Campina Grande",
      "Fagundes",
      "Juazeirinho",
      "Livramento",
      "Massaranduba",
      "Olivedos",
      "Pocinhos",
      "Puxinanã",
      "Santo André",
      "Serra Redonda",
      "Soledade",
      "Taperoá",
      "Tenório"
    ]
  },
  {
    "id": 4,
    "regiao": "4ª Região - Curimataú e Seridó Paraibano",
    "municipios": [
      "Baraúna",
      "Barra de Santa Rosa",
      "Cubati",
      "Cuité",
      "Damião",
      "Frei Martinho",
      "Nova Floresta",
      "Nova Palmeira",
      "Pedra Lavrada",
      "Picuí",
      "São Vicente do Seridó",
      "Seridó",
      "Sossêgo"
    ]
  },
  {
    "id": 5,
    "regiao": "5ª Região - Cariri Ocidental",
    "municipios": [
        "Amparo",
        "Camalaú",
        "Caraúbas",
        "Congo",
        "Coxixola",
        "Gurjão",
        "Monteiro",
        "Ouro Velho",
        "Parari",
        "Prata",
        "São João do Cariri",
        "São João do Tigre",
        "São José dos Cordeiros",
        "São Sebastião do Umbuzeiro",
        "Serra Branca",
        "Sumé",
        "Zabelê"
      ]
  },
  {
    "id": 6,
    "regiao": "6ª Região - Sertão Patos",
    "municipios": [
      "Areia de Baraúnas",
      "Cacimba de Areia",
      "Cacimbas",
      "Catingueira",
      "Condado",
      "Desterro",
      "Emas",
      "Junco do Seridó",
      "Mãe d'Água",
      "Malta",
      "Maturéia",
      "Passagem",
      "Patos",
      "Quixabá",
      "Salgadinho",
      "Santa Luzia",
      "Santa Teresinha",
      "São José de Espinharas",
      "São José do Bonfim",
      "São José do Sabugi",
      "São Mamede",
      "Teixeira",
      "Várzea",
      "Vista Serrana"
    ]
  },
  {
    "id": 7,
    "regiao": "7ª Região - Sertão Vale do Piancó",
    "municipios": [
        "Aguiar",
        "Boa Ventura",
        "Conceição",
        "Coremas",
        "Curral Velho",
        "Diamante",
        "Ibiara",
        "Igaracy",
        "Itaporanga",
        "Nova Olinda",
        "Olho d'Água",
        "Pedra Branca",
        "Piancó",
        "Santa Inês",
        "Santana de Mangueira",
        "Santana dos Garrotes",
        "São José de Caiana",
        "Serra Grande"
      ]
  },
  {
    "id": 8,
    "regiao": "8ª Região - Alto Sertão",
    "municipios": [
      "Belém do Brejo do Cruz",
      "Bom Sucesso",
      "Brejo do Cruz",
      "Brejo dos Santos",
      "Catolé do Rocha",
      "Jericó",
      "Mato Grosso",
      "Riacho dos Cavalos",
      "São Bento",
      "São José do Brejo do Cruz"
    ]
  },
  {
    "id": 9,
    "regiao": "9ª Região - Sertão Univale",
    "municipios": [
      "Bernardino Batista",
      "Bom Jesus",
      "Bonito de Santa Fé",
      "Cachoeira dos Índios",
      "Cajazeiras",
      "Carrapateira",
      "Joca Claudino",
      "Monte Horebe",
      "Poço Dantas",
      "Poço de José de Moura",
      "Santa Helena",
      "Santarém",
      "São João do Rio do Peixe",
      "São José de Piranhas",
      "Triunfo",
      "Uiraúna"
    ]
  },
  {
    "id": 10,
    "regiao": "10ª Região - Vale dos Dinossauros",
    "municipios": [
      "Aparecida",
      "Lastro",
      "Marizópolis",
      "Nazarezinho",
      "Santa Cruz",
      "São Francisco",
      "São José da Lagoa Tapada",
      "Sousa",
      "Vieirópolis"
    ]
  },
  {
    "id": 11,
    "regiao": "11ª Região - Sertão da Princesa Isabel",
    "municipios": [
      "Água Branca",
      "Imaculada",
      "Juru",
      "Manaíra",
      "Princesa Isabel",
      "São José de Princesa",
      "Tavares"
    ]
  },
  {
    "id": 12,
    "regiao": "12ª Região - Vale do Paraíba",
    "municipios": [
      "Caldas Brandão",
      "Gurinhém",
      "Ingá",
      "Itabaiana",
      "Itatuba",
      "Juarez Távora",
      "Juripiranga",
      "Mogeiro",
      "Pedras de Fogo",
      "Pilar",
      "Riachão do Bacamarte",
      "Salgado de São Félix",
      "São José dos Ramos",
      "São Miguel de Taipu"
    ]
  },
  {
    "id": 13,
    "regiao": "13ª Região - Terra de Maringá",
    "municipios": [
      "Cajazeirinhas",
      "Lagoa",
      "Paulista",
      "Pombal",
      "São Bentinho",
      "São Domingos"
    ]
  },
  {
    "id": 14,
    "regiao": "14ª Região - Vale do Mamanguape",
    "municipios": [
      "Baía da Traição",
      "Capim",
      "Cuité de Mamanguape",
      "Curral de Cima",
      "Itapororoca",
      "Jacaraú",
      "Mamanguape",
      "Marcação",
      "Mataraca",
      "Pedro Régis",
      "Rio Tinto"
    ]
  },
  {
    "id": 15,
    "regiao": "15ª Região - Cariri Oriental",
    "municipios": [
        "Alcantil",
        "Aroeiras",
        "Barra de Santana",
        "Barra de São Miguel",
        "Boqueirão",
        "Cabaceiras",
        "Caturité",
        "Gado Bravo",
        "Natuba",
        "Queimadas",
        "Riacho de Santo Antônio",
        "Santa Cecília",
        "São Domingos do Cariri",
        "Umbuzeiro"
      ]
  },
  {
    "id": 16,
    "regiao": "16ª Região - Renascer do Brejo",
    "municipios": [
      "Alagoa Grande",
      "Alagoa Nova",
      "Algodão de Jandaíra",
      "Arara",
      "Areia",
      "Areial",
      "Esperança",
      "Lagoa Seca",
      "Matinhas",
      "Montadas",
      "Remígio",
      "São Sebastião de Lagoa de Roça"
    ]
  }
]